City,Neighborhood
"Chicago, IL ", Albany Park
"Chicago, IL ", Andersonville
"Chicago, IL ", Archer Heights
"Chicago, IL ", Archer Highlands
"Chicago, IL ", Armour Square
"Chicago, IL ", Ashburn
"Chicago, IL ", Ashburn Estates
"Chicago, IL ", Auburn Gresham
"Chicago, IL ", Austin
"Chicago, IL ", Avalon Park
"Chicago, IL ", Avondale
"Chicago, IL ", Back of the Yards
"Chicago, IL ", Belmont Gardens
"Chicago, IL ", Belmont Heights
"Chicago, IL ", Belmont Terrace
"Chicago, IL ", Beverly
"Chicago, IL ", Big Oaks
"Chicago, IL ", Bowmanville
"Chicago, IL ", Boystown
"Chicago, IL ", Brainerd
"Chicago, IL ", Brickyard
"Chicago, IL ", Bridgeport
"Chicago, IL ", Brighton Park
"Chicago, IL ", Bronzeville
"Chicago, IL ", Bryn Mawr Historic District
"Chicago, IL ", Bucktown
"Chicago, IL ", Budlong Woods
"Chicago, IL ", Buena Park
"Chicago, IL ", Burnside
"Chicago, IL ", Cabrini
"Chicago, IL ", California Park
"Chicago, IL ", Calumet Heights
"Chicago, IL ", Canaryville
"Chicago, IL ", Carl Sandburg Village
"Chicago, IL ", Central Chicago
"Chicago, IL ", Central Station
"Chicago, IL ", Chatham
"Chicago, IL ", Chicago Lawn
"Chicago, IL ", Chinatown
"Chicago, IL ", Chrysler Village
"Chicago, IL ", Clearing
"Chicago, IL ", Cottage Grove Heights
"Chicago, IL ", Cragin
"Chicago, IL ", DePaul
"Chicago, IL ", Dearborn Park
"Chicago, IL ", Douglas
"Chicago, IL ", Dunning
"Chicago, IL ", East Beverly
"Chicago, IL ", East Chatham
"Chicago, IL ", East Garfield Park
"Chicago, IL ", East Humboldt Park
"Chicago, IL ", East Rogers Park
"Chicago, IL ", East Side
"Chicago, IL ", East Ukrainian Village
"Chicago, IL ", East Village
"Chicago, IL ", Edgebrook
"Chicago, IL ", Edgewater
"Chicago, IL ", Edgewater Beach
"Chicago, IL ", Edgewater Glen
"Chicago, IL ", Edison Park
"Chicago, IL ", Englewood
"Chicago, IL ", Far North Side
"Chicago, IL ", Far Southeast Side
"Chicago, IL ", Far Southwest Side
"Chicago, IL ", Fernwood
"Chicago, IL ", Fuller Park
"Chicago, IL ", Fulton Market
"Chicago, IL ", Fulton River District
"Chicago, IL ", Gage Park
"Chicago, IL ", Galewood
"Chicago, IL ", Garfield Ridge
"Chicago, IL ", Gladstone Park
"Chicago, IL ", Gold Coast
"Chicago, IL ", Golden Ghetto
"Chicago, IL ", Goose Island
"Chicago, IL ", Graceland West
"Chicago, IL ", Grand Boulevard
"Chicago, IL ", Grand Crossing
"Chicago, IL ", Greater Grand Crossing
"Chicago, IL ", Greektown
"Chicago, IL ", Hamlin Park
"Chicago, IL ", Heart of Chicago
"Chicago, IL ", Hegewisch
"Chicago, IL ", Hermosa
"Chicago, IL ", Hollywood Park
"Chicago, IL ", Homan Square
"Chicago, IL ", Horner Park
"Chicago, IL ", Humboldt Park
"Chicago, IL ", Hyde Park
"Chicago, IL ", Hyde Park Kenwood Historic District
"Chicago, IL ", Irving Park
"Chicago, IL ", Irving Woods
"Chicago, IL ", Jackowo
"Chicago, IL ", Jefferson Park
"Chicago, IL ", Jeffrey Manor
"Chicago, IL ", K
"Chicago, IL ", Kelvyn Park
"Chicago, IL ", Kennedy Park
"Chicago, IL ", Kenwood
"Chicago, IL ", Kilbourn Park
"Chicago, IL ", Kosciuszko Park
"Chicago, IL ", Lake View
"Chicago, IL ", Lake View East
"Chicago, IL ", Lathrop
"Chicago, IL ", LeClaire Courts
"Chicago, IL ", Lincoln Park
"Chicago, IL ", Lincoln Square
"Chicago, IL ", Little Cassubia
"Chicago, IL ", Little Italy
"Chicago, IL ", Little Vietnam
"Chicago, IL ", Little Village
"Chicago, IL ", Logan Square
"Chicago, IL ", Longwood Manor
"Chicago, IL ", Lower West Side
"Chicago, IL ", Loyola
"Chicago, IL ", Magnificent Mile
"Chicago, IL ", Magnolia Glen
"Chicago, IL ", Margate Park
"Chicago, IL ", Marquette Park
"Chicago, IL ", Marshall Square
"Chicago, IL ", Marynook
"Chicago, IL ", Mayfair
"Chicago, IL ", McKinley Park
"Chicago, IL ", Montclare
"Chicago, IL ", Morgan Park
"Chicago, IL ", Mount Greenwood
"Chicago, IL ", Near East Side
"Chicago, IL ", Near North Side
"Chicago, IL ", Near South Side
"Chicago, IL ", New City
"Chicago, IL ", New City / Back of the Yards
"Chicago, IL ", New East Side
"Chicago, IL ", Noble Square
"Chicago, IL ", North Austin
"Chicago, IL ", North Center
"Chicago, IL ", North Kenwood
"Chicago, IL ", North Lawndale
"Chicago, IL ", North Mayfair
"Chicago, IL ", North Park
"Chicago, IL ", North Side
"Chicago, IL ", Northwest Side
"Chicago, IL ", Nortown
"Chicago, IL ", Norwood Park
"Chicago, IL ", Norwood Park East
"Chicago, IL ", Norwood Park West
"Chicago, IL ", Oakland
"Chicago, IL ", Old Hegewisch
"Chicago, IL ", Old Irving Park
"Chicago, IL ", Old Norwood Park
"Chicago, IL ", Old Town
"Chicago, IL ", Old Town Triangle
"Chicago, IL ", Oriole Park
"Chicago, IL ", Palmer Square
"Chicago, IL ", Park Manor
"Chicago, IL ", Park West
"Chicago, IL ", Peterson Park
"Chicago, IL ", Pill Hill / Calument Heights
"Chicago, IL ", Pilsen
"Chicago, IL ", Portage Park
"Chicago, IL ", Prairie District
"Chicago, IL ", Printer's Row
"Chicago, IL ", Pulaski Park
"Chicago, IL ", Pullman
"Chicago, IL ", Ranch Triangle
"Chicago, IL ", Ravenswood
"Chicago, IL ", Ravenswood Gardens
"Chicago, IL ", Ravenswood Manor
"Chicago, IL ", River North
"Chicago, IL ", River West
"Chicago, IL ", Roscoe Village
"Chicago, IL ", Rosehill
"Chicago, IL ", Roseland
"Chicago, IL ", Rosemoor
"Chicago, IL ", Schorsch Forest View
"Chicago, IL ", Schorsch Village
"Chicago, IL ", Scottsdale
"Chicago, IL ", Sheffield
"Chicago, IL ", Sheridan Park
"Chicago, IL ", Sheridan Station Corridor
"Chicago, IL ", South Austin
"Chicago, IL ", South Chicago
"Chicago, IL ", South Commons
"Chicago, IL ", South Deering
"Chicago, IL ", South East Ravenswood
"Chicago, IL ", South Lawndale / Little Village
"Chicago, IL ", South Loop
"Chicago, IL ", South Old Irving Park
"Chicago, IL ", South Shore
"Chicago, IL ", South Side
"Chicago, IL ", Southwest Side
"Chicago, IL ", St. Ben's
"Chicago, IL ", Stony Island Park
"Chicago, IL ", Streeterville
"Chicago, IL ", The Chicago University
"Chicago, IL ", The Gap
"Chicago, IL ", The Loop
"Chicago, IL ", Tri
"Chicago, IL ", Ukrainian Village
"Chicago, IL ", Union Ridge
"Chicago, IL ", Uptown
"Chicago, IL ", Vittum Park
"Chicago, IL ", Waclawowo
"Chicago, IL ", Washington Heights
"Chicago, IL ", Washington Park
"Chicago, IL ", West Beverly
"Chicago, IL ", West Chatham
"Chicago, IL ", West Chesterfield
"Chicago, IL ", West DePaul
"Chicago, IL ", West Elsdon
"Chicago, IL ", West Englewood
"Chicago, IL ", West Garfield Park
"Chicago, IL ", West Humboldt Park
"Chicago, IL ", West Lake View
"Chicago, IL ", West Lawn
"Chicago, IL ", West Pullman
"Chicago, IL ", West Ridge
"Chicago, IL ", West Rogers Park
"Chicago, IL ", West Side
"Chicago, IL ", West Town
"Chicago, IL ", West Walker
"Chicago, IL ", West Woodlawn
"Chicago, IL ", Wicker Park
"Chicago, IL ", Wildwood
"Chicago, IL ", Woodlawn
"Chicago, IL ", Woodlawn Ridge
"Chicago, IL ", Wrightwood
"Chicago, IL ", Wrigleyville
